,Height,Weight,Sex
0,165.65,35.41,Female
1,148.53,74.45,Female
2,167.04,81.22,Male
3,161.54,71.47,Male
4,174.31,78.18,Male
5,143.05,79.27,Female
6,149.16,63.71,Female
7,155.8,86.01,Female
8,145.37,88.33,Female
9,162.56,87.36,Male
10,163.84,78.58,Male
11,172.73,88.08,Male
12,142.03,56.3,Female
13,150.17,53.46,Female
14,188.62,60.95,Male
15,184.62,72.51,Male
16,168.43,86.8,Male
17,171.19,54.12,Male
18,137.1,73.36,Female
19,149.42,69.2,Female
20,147.33,56.01,Female
21,175.14,107.25,Male
22,168.04,92.24,Male
23,158.54,64.44,Male
24,138.9,68.75,Female
25,129.27,58.43,Female
26,173.64,59.52,Female
27,175.26,62.65,Male
28,180.09,44.07,Male
29,144.58,83.36,Female
30,178.76,66.12,Male
31,151.53,91.02,Male
32,168.55,80.2,Male
33,160.86,63.68,Male
34,183.83,62.75,Male
35,179.27,50.04,Male
36,158.89,60.49,Male
37,124.37,74.57,Female
38,140.42,54.64,Female
39,155.06,84.34,Male
40,166.62,75.18,Male
41,172.96,78.39,Male
42,174.34,84.76,Male
43,165.09,83.54,Female
44,138.09,63.06,Female
45,141.31,52.13,Female
46,162.63,65.25,Male
47,178.49,73.67,Male
48,165.95,52.42,Male
49,156.92,54.45,Female
50,135.28,63.91,Female
51,145.79,68.34,Female
52,153.9,77.5,Male
53,171.09,87.8,Male
54,142.89,73.04,Female
55,159.81,61.4,Female
56,130.32,52.81,Female
57,162.79,94.37,Male
59,171.81,82.74,Male
60,164.36,70.33,Male
61,166.39,43.02,Male
62,135.27,54.87,Female
63,146.8,57.93,Female
64,147.48,73.7,Male
65,161.79,43.37,Male
66,173.46,98.82,Male
67,162.64,63.9,Male
68,185.85,75.22,Male
69,133.58,63.28,Female
70,174.4,80.63,Male
71,169.0,72.22,Male
72,165.7,59.89,Male
73,163.96,78.33,Male
74,179.0,61.11,Male
75,165.85,53.76,Female
76,155.24,80.46,Female
77,159.07,71.68,Female
78,147.64,62.48,Female
79,156.37,86.07,Female
80,168.14,88.04,Male
81,156.84,83.14,Male
82,187.53,78.35,Male
83,190.75,71.14,Male
84,174.11,88.22,Male
85,154.95,73.53,Female
86,175.71,64.29,Male
87,159.27,70.23,Female
88,149.4,63.92,Female
89,181.4,65.29,Male
90,169.6,60.53,Male
92,177.99,66.0,Male
93,147.03,74.86,Female
94,155.17,56.83,Female
95,158.12,58.54,Female
96,153.5,58.89,Female
97,153.12,76.97,Male
98,161.0,72.74,Male
99,175.14,78.87,Male
100,154.3,80.71,Female
101,150.76,81.39,Female
102,189.32,102.21,Male
103,170.51,94.81,Male
104,190.74,76.88,Male
105,146.94,46.75,Female
106,148.43,44.27,Female
107,147.31,64.52,Female
108,141.6,82.94,Female
109,172.54,76.4,Male
110,165.25,71.07,Male
111,183.89,102.83,Male
112,140.75,52.53,Female
113,151.89,75.1,Female
114,139.26,57.12,Female
115,171.68,41.78,Female
116,184.74,63.43,Male
117,159.67,39.85,Male
118,136.21,60.32,Female
119,143.93,46.96,Female
120,176.67,75.08,Male
121,163.07,81.95,Male
122,140.94,61.15,Female
123,138.44,72.88,Female
124,137.87,66.45,Female
125,161.59,48.1,Female
126,143.24,56.04,Female
127,153.84,81.33,Male
128,175.94,67.79,Male
129,170.48,89.69,Male
130,182.99,52.7,Male
131,151.8,57.08,Male
132,171.97,50.98,Female
133,159.09,61.95,Female
134,153.81,86.79,Male
135,163.31,59.42,Male
137,158.8,36.87,Male
138,176.33,91.3,Male
139,164.22,94.48,Male
140,179.14,83.67,Male
141,154.26,81.67,Male
142,153.82,58.05,Female
143,156.08,39.52,Female
144,157.08,39.56,Female
145,154.24,65.25,Female
146,161.01,57.95,Male
147,145.98,62.41,Female
148,149.75,65.69,Female
149,131.1,48.25,Female
150,153.05,45.56,Female
151,172.37,97.62,Female
152,146.16,55.88,Female
153,155.3,69.28,Female
154,161.26,59.2,Female
155,184.6,79.95,Male
156,174.7,91.61,Male
157,152.33,65.35,Male
158,140.53,68.34,Female
159,151.09,72.36,Female
160,183.01,62.01,Male
161,181.12,75.36,Male
162,169.18,46.52,Male
163,187.52,75.56,Male
164,148.51,60.02,Female
165,169.08,80.27,Female
167,141.09,37.78,Female
168,157.8,52.59,Female
169,132.22,74.22,Female
170,182.56,41.93,Female
171,169.11,65.72,Male
172,158.21,63.66,Male
173,172.73,93.31,Male
174,177.5,64.77,Male
175,158.79,68.02,Female
176,152.65,69.14,Female
177,185.58,64.29,Male
178,146.41,75.92,Female
179,160.85,58.64,Female
180,153.66,59.28,Female
181,126.92,66.71,Female
182,163.05,53.67,Male
183,184.15,59.24,Male
184,146.01,54.24,Female
185,156.5,54.68,Female
186,187.96,64.63,Male
187,155.18,67.45,Female
188,143.41,65.98,Female
189,179.58,87.84,Male
190,184.0,62.46,Male
191,186.31,67.29,Male
192,185.85,80.42,Male
193,170.72,58.94,Male
194,140.86,58.8,Female
195,140.3,55.31,Female
196,143.47,58.03,Female
197,146.13,58.46,Male
198,173.27,92.95,Male
199,158.03,71.42,Female
200,159.95,57.91,Male
201,169.88,97.47,Male
202,152.08,77.75,Male
203,178.0,76.26,Male
204,142.37,57.97,Female
205,158.06,61.7,Female
206,171.2,69.52,Male
207,173.91,86.33,Male
208,164.75,73.36,Male
209,131.18,78.22,Female
210,146.41,70.16,Female
211,142.98,49.72,Female
212,154.81,87.17,Female
213,135.19,54.28,Female
214,177.56,58.18,Male
215,135.67,75.47,Female
216,152.16,69.69,Female
217,175.17,70.73,Male
218,179.54,64.94,Male
219,166.9,87.86,Male
220,181.71,85.89,Male
221,143.75,68.4,Female
222,145.65,48.34,Female
223,146.47,53.41,Female
224,144.85,71.17,Female
225,158.77,80.93,Male
226,183.28,73.21,Male
227,149.47,76.71,Female
228,149.86,43.75,Female
229,142.25,64.26,Female
230,174.77,75.83,Male
231,168.92,60.85,Male
232,146.09,81.58,Female
233,129.07,62.75,Female
234,157.75,67.06,Female
235,179.77,100.86,Male
236,166.64,75.0,Male
237,176.85,94.72,Male
238,177.26,75.32,Male
239,162.92,68.25,Male
240,134.49,70.15,Female
241,154.64,84.86,Female
242,157.19,59.4,Female
243,163.08,72.81,Male
244,153.35,71.34,Female
245,156.75,78.53,Male
246,176.93,58.26,Male
247,168.36,44.6,Male
248,160.58,76.69,Male
249,153.54,48.62,Female
250,173.22,60.05,Female
251,169.35,29.48,Female
252,169.98,54.58,Male
253,173.67,83.75,Male
254,159.18,63.56,Male
255,150.21,63.15,Female
256,145.25,57.86,Female
257,165.26,62.84,Female
258,144.22,40.09,Female
259,167.08,43.74,Female
260,151.54,64.58,Female
261,151.0,58.31,Female
262,169.78,92.55,Male
263,171.48,40.97,Male
264,170.06,64.39,Male
265,156.45,79.48,Male
266,178.37,89.41,Male
267,164.6,66.9,Female
268,156.93,72.25,Female
269,179.43,101.72,Male
270,148.56,88.7,Male
271,158.22,101.08,Male
272,146.44,48.99,Female
273,150.67,58.18,Female
274,141.97,33.68,Female
275,133.53,58.18,Female
276,156.53,58.97,Male
277,175.22,78.74,Male
278,170.04,64.46,Male
279,170.48,99.23,Male
280,167.44,63.57,Male
281,182.78,74.66,Male
282,153.69,44.64,Female
283,153.16,39.0,Female
284,153.21,51.57,Female
285,176.83,74.99,Male
286,173.51,81.52,Male
287,164.56,90.58,Male
288,152.94,76.49,Male
289,144.32,57.76,Female
290,161.08,57.67,Female
291,160.09,66.63,Female
292,152.61,52.5,Female
293,190.99,73.92,Male
294,174.22,81.02,Male
295,169.95,99.77,Male
296,175.99,86.24,Male
297,177.47,104.04,Male
298,177.29,65.14,Male
299,146.52,60.22,Female
300,148.4,52.44,Female
301,160.24,57.51,Female
302,166.54,69.98,Male
303,167.28,82.38,Male
304,177.36,66.09,Male
305,148.54,92.81,Female
306,125.81,76.33,Female
307,146.15,59.21,Female
308,142.74,74.35,Female
309,134.98,51.96,Female
310,164.7,63.32,Male
311,157.07,61.64,Male
312,161.74,76.15,Male
313,153.11,81.39,Female
314,167.43,55.59,Female
315,174.61,99.74,Male
316,168.45,96.57,Male
317,179.37,84.29,Male
318,178.5,90.38,Male
319,160.86,82.68,Male
320,139.55,70.5,Female
321,164.1,71.74,Female
322,135.02,67.43,Female
323,139.03,71.68,Female
324,138.17,48.11,Female
325,172.69,47.27,Male
326,151.25,85.99,Male
327,157.14,98.12,Male
328,154.47,65.7,Female
329,149.21,91.41,Female
330,173.12,58.35,Female
331,149.27,62.62,Female
332,154.04,54.61,Female
333,168.04,71.9,Male
334,176.36,95.94,Male
335,165.27,58.08,Male
336,184.18,63.08,Male
337,156.65,64.97,Female
338,148.33,65.21,Female
339,156.7,67.25,Female
340,200.42,92.09,Male
341,148.56,81.62,Male
342,165.59,33.18,Male
343,158.91,67.66,Female
344,156.35,57.66,Female
345,161.06,52.13,Female
346,159.08,70.6,Female
347,157.87,85.82,Female
348,178.2,71.57,Male
349,179.05,90.25,Male
350,175.28,57.98,Male
351,171.21,74.94,Male
352,176.12,69.91,Male
353,155.43,97.98,Male
354,155.9,61.72,Male
355,147.82,54.45,Female
356,134.01,65.26,Female
357,141.45,62.94,Female
358,131.12,62.81,Female
359,140.01,84.12,Female
360,150.52,74.49,Female
361,158.61,88.82,Male
362,163.3,104.58,Male
363,140.79,62.45,Male
364,176.0,98.52,Male
365,159.88,75.61,Female
366,175.4,76.57,Male
367,160.34,76.06,Male
368,190.94,55.79,Male
369,167.89,88.86,Male
370,177.36,73.7,Male
371,168.78,68.27,Male
372,171.76,90.23,Male
373,141.4,68.61,Female
374,137.42,53.22,Female
375,161.96,70.54,Female
376,165.13,55.05,Male
377,171.13,77.79,Male
378,158.79,66.75,Female
379,157.47,62.17,Female
380,155.13,51.06,Female
381,162.11,56.35,Female
382,157.3,58.24,Female
383,139.14,51.78,Female
384,175.67,71.64,Male
385,173.34,72.93,Male
386,145.49,43.44,Female
387,156.48,64.0,Female
388,146.23,81.8,Female
389,132.76,66.2,Female
390,142.25,83.66,Female
391,178.77,65.28,Male
392,165.1,47.33,Male
393,166.56,62.39,Male
394,163.21,87.84,Male
395,143.55,88.0,Male
396,141.05,66.76,Female
397,137.27,60.2,Female
398,161.47,67.03,Male
399,179.57,80.47,Male
400,177.22,63.66,Male
401,153.93,72.61,Male
402,160.53,63.31,Female
403,148.88,81.01,Female
404,164.37,71.42,Female
405,175.62,83.99,Male
406,178.62,80.94,Male
407,174.33,91.15,Male
408,180.87,75.98,Male
409,152.29,49.65,Female
410,151.43,62.83,Female
411,152.28,77.08,Female
412,154.66,48.5,Female
413,158.65,80.3,Female
414,139.12,57.1,Female
415,157.23,69.38,Male
416,155.66,68.18,Female
417,144.51,72.26,Female
418,147.57,64.44,Female
419,139.96,71.0,Female
420,143.17,81.15,Female
421,144.28,59.36,Female
422,169.95,81.65,Male
423,179.4,89.32,Male
424,178.54,75.1,Male
425,144.06,81.77,Female
426,137.69,60.13,Female
427,158.6,64.21,Female
428,156.95,80.99,Male
429,200.45,98.51,Male
430,167.42,63.36,Male
431,157.52,62.54,Female
432,158.89,65.87,Female
433,172.14,95.25,Female
434,148.35,70.62,Male
435,169.72,71.49,Male
436,153.64,70.97,Male
437,156.82,61.65,Male
438,171.01,100.84,Male
439,186.56,72.53,Male
440,154.46,43.66,Female
441,149.23,62.44,Female
442,159.53,52.87,Female
443,149.31,76.89,Female
444,150.38,54.96,Female
445,144.03,60.84,Female
446,172.25,55.1,Female
447,166.83,86.57,Male
448,146.97,74.75,Male
449,152.16,85.93,Male
450,146.02,43.19,Female
451,150.02,59.61,Female
452,162.93,88.16,Male
453,164.99,93.5,Male
454,182.54,91.86,Male
455,147.14,45.38,Female
456,167.13,56.11,Male
457,162.45,64.92,Male
459,164.56,51.84,Male
460,175.5,64.03,Male
461,160.82,50.22,Female
462,154.26,70.04,Female
463,180.82,98.12,Male
464,174.52,93.17,Male
465,175.03,58.02,Male
466,182.38,74.65,Male
467,144.68,47.65,Female
468,157.93,47.64,Female
469,157.05,70.48,Female
470,149.59,61.75,Female
471,176.79,71.89,Male
472,163.76,75.8,Male
473,171.1,69.22,Female
474,126.97,67.0,Female
475,170.17,80.69,Male
476,160.86,58.8,Male
477,134.74,70.74,Female
478,162.13,59.92,Female
479,132.1,54.17,Female
481,122.5,45.81,Female
482,137.74,64.94,Female
483,166.3,67.96,Male
484,154.05,68.43,Female
485,158.69,72.18,Male
486,163.26,60.35,Male
487,163.23,48.66,Male
488,164.57,92.37,Male
489,188.35,74.13,Male
490,173.27,80.98,Male
491,159.88,53.42,Female
492,165.01,62.52,Female
493,160.78,81.59,Female
494,147.37,48.37,Female
495,177.71,70.76,Male
496,164.29,63.88,Male
497,171.62,57.53,Male
498,183.78,79.9,Male
499,170.37,78.66,Male
500,153.69,67.01,Female
501,145.97,60.17,Female
502,137.34,60.01,Female
503,146.9,60.19,Female
504,166.05,58.08,Female
505,185.04,83.9,Male
506,138.42,56.33,Female
507,160.21,60.27,Male
508,176.58,91.75,Male
509,164.82,46.78,Male
510,142.81,60.23,Female
511,154.99,60.83,Female
512,155.62,53.7,Female
513,141.28,41.34,Female
514,124.8,55.6,Female
515,179.55,65.47,Male
516,170.37,80.14,Male
517,147.09,59.4,Male
518,175.47,92.24,Male
519,179.51,71.78,Male
520,184.66,71.12,Male
521,150.0,61.61,Female
522,153.14,56.27,Female
523,145.27,64.31,Female
524,146.44,39.18,Female
525,169.23,62.52,Male
526,149.29,54.02,Female
527,160.7,68.59,Female
528,169.22,62.08,Male
529,178.54,77.47,Male
530,153.0,71.48,Male
531,165.7,72.21,Male
532,138.86,77.1,Female
533,135.57,49.18,Female
534,158.27,68.5,Male
535,180.53,100.69,Male
536,148.59,96.66,Male
537,164.62,62.73,Male
538,171.69,65.18,Male
539,155.38,56.2,Female
540,163.92,68.82,Female
541,143.58,61.51,Female
542,163.96,64.89,Female
543,157.96,63.22,Male
544,150.3,68.85,Female
545,166.37,50.55,Female
546,170.68,84.27,Male
547,173.55,90.62,Male
548,145.88,64.07,Female
549,147.93,71.29,Female
550,147.96,43.76,Female
551,160.24,91.12,Male
552,185.94,70.24,Male
553,175.12,83.0,Male
554,182.02,67.0,Male
555,172.24,86.04,Male
556,165.88,69.86,Male
557,136.21,76.65,Female
558,148.08,49.96,Female
559,159.9,46.36,Female
560,176.97,81.72,Male
561,169.88,87.5,Male
562,180.63,92.13,Male
563,169.99,64.93,Male
564,166.02,51.23,Female
565,146.32,64.31,Female
567,179.05,71.73,Male
568,154.43,72.23,Female
569,151.3,68.12,Female
570,153.41,46.39,Female
571,154.97,70.42,Female
572,144.32,42.22,Female
573,163.65,91.44,Male
574,174.61,62.65,Male
575,172.6,107.18,Male
576,157.52,49.18,Male
577,133.11,47.9,Female
578,126.64,62.6,Female
579,140.07,57.88,Female
580,174.88,73.12,Male
581,161.43,60.27,Female
582,190.23,75.1,Male
583,177.11,80.56,Male
584,170.65,47.03,Male
585,151.32,59.83,Female
586,162.43,92.97,Male
587,173.52,66.44,Male
588,146.89,45.56,Female
589,147.41,78.43,Female
590,164.81,90.42,Male
591,161.95,55.73,Female
593,177.41,76.17,Male
594,174.52,85.34,Male
595,163.66,71.15,Male
596,181.62,73.81,Male
597,153.47,64.68,Female
598,154.53,80.57,Female
599,157.17,53.26,Female
600,131.38,68.44,Female
601,161.07,31.75,Female
602,167.87,69.69,Male
603,173.34,59.42,Male
604,173.28,98.7,Male
605,165.68,46.3,Male
606,153.33,73.61,Male
607,151.58,38.47,Female
608,171.97,42.83,Female
609,134.92,39.84,Female
610,150.8,71.5,Female
611,132.54,60.02,Female
612,160.86,93.33,Male
613,171.87,101.19,Male
614,142.3,60.44,Female
615,164.88,50.62,Female
616,167.53,45.83,Female
617,126.23,54.74,Female
618,169.76,57.93,Male
619,170.41,95.04,Male
620,173.6,66.58,Male
621,148.7,66.33,Female
622,141.16,68.23,Female
623,140.48,45.18,Female
624,168.46,37.38,Female
625,155.98,74.85,Male
626,135.67,59.73,Female
627,138.57,66.35,Female
628,161.53,58.2,Female
629,164.95,59.01,Male
630,134.36,63.06,Female
631,152.38,50.98,Female
632,189.78,65.0,Male
633,182.59,69.32,Male
634,172.7,80.48,Male
635,146.7,87.72,Male
636,154.77,73.45,Male
637,151.98,78.55,Female
638,144.22,77.71,Female
639,131.81,68.16,Female
640,174.6,55.84,Male
641,176.06,60.2,Male
642,177.54,87.38,Male
643,161.42,67.31,Female
644,163.98,60.56,Female
645,151.45,71.6,Female
646,166.56,91.67,Female
647,164.23,47.14,Female
648,131.93,71.16,Female
649,179.46,91.73,Male
650,174.11,75.87,Male
651,161.52,101.57,Male
652,154.74,64.53,Female
653,147.49,51.36,Female
654,154.2,73.94,Female
655,192.72,61.43,Male
656,183.98,87.37,Male
657,172.4,69.83,Male
658,183.34,62.63,Male
659,166.79,102.45,Male
660,174.91,69.23,Male
661,145.86,43.67,Female
662,160.13,65.9,Female
663,170.25,81.59,Male
664,158.07,88.2,Male
665,186.2,71.22,Male
666,179.16,89.29,Male
667,168.69,84.0,Female
668,134.61,71.45,Female
669,169.49,65.55,Female
670,160.21,90.34,Female
671,159.3,75.94,Male
672,176.63,92.94,Male
673,172.77,76.16,Male
674,132.89,88.32,Female
675,141.82,60.46,Female
676,150.01,73.75,Female
677,171.6,72.51,Female
678,155.12,71.19,Female
679,151.28,62.58,Female
680,164.6,72.1,Male
681,157.03,50.46,Female
682,124.91,75.96,Female
683,144.02,76.88,Female
684,175.61,81.23,Male
685,181.14,83.77,Male
686,190.65,42.22,Male
687,195.93,83.22,Male
688,167.02,78.84,Male
689,148.6,68.19,Female
690,133.25,70.23,Female
691,140.72,59.4,Female
692,178.8,68.24,Male
693,198.57,65.99,Male
694,166.09,80.55,Male
695,174.26,90.37,Male
696,173.85,74.65,Male
697,157.48,62.53,Female
698,147.33,59.92,Female
699,163.5,71.14,Male
700,177.37,101.32,Male
701,155.81,98.82,Male
702,136.76,75.84,Female
703,140.89,72.76,Female
704,161.79,47.18,Female
705,166.94,51.87,Female
706,138.65,44.33,Female
707,147.0,60.43,Female
708,121.75,50.61,Female
709,176.91,48.75,Male
710,147.31,51.34,Female
711,140.68,52.76,Female
712,153.94,61.44,Female
713,177.71,92.83,Male
714,162.39,86.02,Male
715,173.68,52.16,Male
716,164.48,61.84,Male
717,171.0,58.34,Male
718,130.13,69.34,Female
719,143.26,47.53,Female
720,154.87,61.88,Female
721,166.1,60.15,Female
722,171.18,100.8,Male
723,170.16,85.54,Male
724,165.23,107.34,Male
725,160.85,92.69,Male
726,144.55,46.61,Female
727,142.43,47.02,Female
728,139.9,61.12,Female
729,177.43,74.79,Female
730,177.56,102.18,Male
731,180.87,61.17,Male
732,161.46,71.89,Male
733,148.55,72.56,Female
734,153.92,52.42,Female
735,172.06,53.22,Male
736,138.06,66.99,Female
737,133.16,66.54,Female
738,168.64,57.37,Male
739,175.89,58.92,Male
740,173.5,53.69,Male
741,150.12,53.73,Female
742,142.66,67.18,Female
743,157.56,72.8,Male
744,173.68,60.49,Male
745,171.2,57.19,Male
746,168.1,67.26,Female
747,157.05,78.64,Female
748,141.93,52.43,Female
749,130.47,58.36,Female
750,154.09,95.19,Male
751,156.01,58.8,Male
752,152.75,63.42,Female
753,166.3,40.6,Female
754,156.71,79.21,Male
755,157.59,83.35,Male
756,164.67,65.84,Male
757,161.81,107.86,Male
758,169.53,76.65,Male
759,160.07,92.95,Male
760,163.9,94.31,Male
761,169.66,84.91,Male
762,143.11,66.5,Female
763,152.13,91.14,Female
764,150.48,42.84,Female
765,129.27,62.56,Female
766,184.96,76.42,Male
767,133.28,58.86,Female
768,143.31,55.55,Female
769,158.4,59.91,Female
770,147.23,62.32,Female
771,146.34,66.85,Female
772,182.59,73.82,Male
773,158.51,88.8,Male
774,150.88,57.51,Female
775,148.83,64.8,Female
776,141.97,45.79,Female
777,183.26,65.49,Male
778,165.14,72.21,Male
779,173.24,62.2,Male
780,147.77,58.55,Female
781,140.66,61.48,Female
782,146.38,72.48,Female
783,159.41,92.46,Male
784,173.01,70.89,Male
785,154.76,71.94,Male
786,167.9,90.43,Male
787,195.43,54.14,Male
788,141.67,53.84,Female
789,153.08,68.79,Female
790,170.64,40.04,Female
791,163.7,81.28,Male
792,173.91,74.05,Male
793,169.88,55.65,Male
794,166.64,76.18,Male
795,176.55,62.91,Male
796,170.74,73.57,Male
797,133.99,76.03,Female
798,148.75,64.81,Female
799,157.9,55.95,Female
800,138.25,85.08,Female
801,168.93,91.94,Male
802,170.88,77.04,Male
803,182.72,37.86,Male
804,170.45,50.43,Female
805,136.33,61.3,Female
806,159.97,61.43,Female
807,138.63,46.62,Female
808,145.42,77.48,Female
809,196.92,73.52,Male
810,185.12,85.64,Male
811,155.79,95.75,Male
812,164.55,75.11,Female
813,127.66,69.19,Female
814,152.7,82.01,Female
815,165.81,73.9,Female
816,165.23,93.13,Male
817,156.36,59.87,Female
818,147.69,50.67,Female
819,175.14,62.09,Male
820,179.75,82.28,Male
821,155.58,66.76,Female
822,160.52,57.69,Female
823,165.23,84.89,Male
824,154.24,95.82,Male
825,168.56,89.04,Male
826,155.78,62.58,Female
827,148.62,56.0,Female
828,177.58,100.98,Male
829,169.5,74.49,Male
830,166.73,65.6,Female
831,156.61,50.45,Female
832,150.13,45.93,Female
833,163.03,60.35,Male
834,185.51,69.54,Male
835,157.28,66.61,Female
836,135.63,69.24,Female
837,170.41,59.26,Male
838,175.55,75.15,Male
839,162.34,92.47,Male
840,142.41,83.04,Female
841,149.58,58.35,Female
842,178.31,75.6,Female
843,176.1,58.03,Male
844,176.99,96.46,Male
845,149.9,72.59,Female
846,151.82,66.71,Female
847,160.27,63.81,Male
849,153.41,92.82,Female
850,132.54,82.2,Female
851,138.41,82.64,Female
852,152.8,74.06,Female
853,153.19,66.45,Female
854,165.61,62.75,Male
855,166.02,57.89,Male
856,144.66,74.64,Female
857,154.89,53.13,Male
858,138.79,73.7,Female
859,147.17,44.4,Female
860,139.98,72.07,Female
861,168.94,65.94,Male
862,185.76,59.77,Male
863,181.77,76.22,Male
864,145.38,43.23,Female
865,138.0,56.05,Female
866,148.52,71.46,Female
867,136.94,63.82,Female
868,155.51,52.66,Female
869,163.52,98.6,Male
870,165.05,67.55,Male
871,151.44,67.02,Female
872,160.65,61.94,Male
873,165.91,71.32,Male
874,192.09,77.12,Male
875,167.44,96.51,Male
876,155.0,38.47,Female
877,131.55,81.07,Female
878,143.11,68.33,Female
879,136.36,53.33,Female
880,164.99,95.6,Male
881,165.37,75.82,Male
882,176.6,73.92,Male
883,190.42,61.75,Male
884,172.78,80.29,Male
885,156.9,93.7,Male
886,152.3,60.04,Female
887,154.27,59.91,Female
888,135.47,63.38,Female
889,146.14,44.75,Female
890,146.45,52.48,Female
891,186.19,88.46,Male
892,176.3,76.05,Male
893,164.6,61.13,Male
894,150.65,64.01,Male
895,154.76,59.05,Female
896,141.44,58.5,Female
897,165.4,72.16,Female
898,146.93,61.71,Female
899,153.12,59.95,Female
900,139.67,88.07,Female
901,161.37,67.24,Male
902,186.81,76.12,Male
903,172.54,95.96,Male
904,186.45,72.12,Male
905,161.45,64.82,Female
906,171.08,103.63,Male
907,158.36,49.88,Male
908,174.39,76.6,Male
909,168.88,77.36,Male
910,142.5,52.33,Female
911,144.94,66.88,Female
912,161.99,47.6,Female
913,149.57,58.53,Female
914,184.19,56.6,Male
915,154.8,88.64,Male
916,171.55,107.01,Male
917,139.15,79.05,Female
918,136.97,61.66,Female
919,137.43,68.45,Female
920,172.55,63.26,Male
921,160.99,83.19,Male
922,185.31,42.54,Male
923,175.49,54.7,Male
924,164.33,67.53,Male
926,143.59,44.33,Female
927,173.29,86.39,Male
928,170.73,38.61,Male
929,166.78,65.07,Male
930,170.31,91.63,Male
931,152.99,52.2,Female
932,146.73,36.78,Female
933,151.3,50.59,Female
934,157.45,58.71,Female
935,169.03,47.67,Male
936,164.48,79.26,Male
937,170.97,83.98,Male
938,170.38,67.19,Male
939,176.37,53.91,Male
940,175.97,65.4,Female
941,148.76,58.97,Female
942,162.47,48.24,Female
943,147.87,76.61,Female
944,158.31,50.54,Female
945,189.83,97.51,Male
946,182.74,79.43,Male
947,153.97,40.04,Female
948,178.98,90.59,Male
949,167.24,81.14,Male
950,169.17,89.97,Male
951,170.19,66.54,Male
952,161.83,76.71,Female
953,158.23,66.27,Female
954,153.68,79.72,Female
955,135.7,59.54,Female
956,179.88,76.72,Male
957,162.83,79.34,Male
958,190.08,78.25,Male
959,166.33,60.4,Male
960,153.75,39.29,Female
961,153.16,35.72,Female
962,129.48,55.69,Female
963,136.89,59.48,Female
964,142.06,60.65,Female
965,144.0,61.69,Female
966,191.22,107.33,Male
967,171.17,74.57,Male
968,166.14,83.96,Male
969,153.37,77.94,Female
970,144.97,65.45,Female
971,130.59,56.75,Female
972,168.59,91.54,Male
973,170.08,81.62,Male
974,161.04,102.7,Male
975,143.02,56.25,Female
976,154.7,54.05,Female
977,151.3,75.07,Female
978,160.4,44.63,Female
979,162.33,44.66,Male
980,163.72,66.02,Male
981,186.24,83.87,Male
982,160.9,107.24,Male
983,194.12,62.71,Male
984,148.2,53.85,Female
985,144.52,63.54,Female
986,164.36,79.95,Female
987,151.77,53.05,Female
988,175.41,63.02,Male
989,171.64,52.37,Male
990,186.57,52.71,Male
991,172.06,60.83,Male
992,135.23,56.52,Female
993,156.31,51.61,Female
994,176.33,49.43,Female
995,156.1,66.25,Male
996,173.9,76.01,Male
997,158.94,81.61,Male
998,147.41,61.91,Female
999,150.52,59.49,Female
1000,168.62,82.83,Male
1001,173.12,78.02,Male
1002,145.94,55.83,Female
1003,157.96,56.74,Female
1004,150.77,51.14,Female
1005,152.26,61.6,Female
1006,149.69,55.3,Female
1007,153.66,76.01,Female
1008,163.33,63.26,Female
1009,155.2,63.69,Female
1010,152.98,85.11,Female
1011,157.16,59.08,Female
1012,153.83,39.29,Female
1013,159.67,55.78,Female
1014,151.37,58.45,Female
1015,152.78,61.6,Female
1016,149.86,71.7,Female
1017,171.64,67.38,Male
1018,171.6,89.63,Male
1019,167.81,71.16,Male
1020,157.41,75.03,Male
1021,174.86,35.64,Male
1022,150.08,57.51,Female
1023,172.46,79.9,Male
1024,178.35,71.66,Male
1025,160.99,78.77,Male
1026,168.22,87.75,Male
1027,172.27,95.49,Male
1028,156.51,59.47,Male
1029,193.03,55.75,Male
1030,168.94,64.92,Female
1031,141.32,57.4,Female
1032,166.25,77.28,Male
1033,185.23,48.79,Male
1034,134.78,66.86,Female
1035,158.57,52.22,Female
1036,159.83,69.86,Female
1037,145.36,56.85,Female
1038,146.89,75.39,Female
1039,157.46,79.06,Male
1040,174.27,85.69,Male
1041,172.55,90.72,Male
1042,152.02,56.25,Female
1043,170.83,63.47,Female
1044,163.25,46.81,Female
1045,161.54,89.86,Male
1046,185.05,76.95,Male
1047,144.51,58.5,Female
1048,143.11,68.92,Female
1049,150.52,62.86,Female
1050,176.69,84.85,Male
1051,151.97,98.4,Male
1052,165.39,101.03,Male
1053,169.32,47.43,Male
1054,129.04,78.03,Female
1055,160.95,75.9,Female
1056,154.64,79.92,Male
1057,154.55,85.72,Female
1058,125.27,75.05,Female
1059,141.54,49.79,Female
1060,162.5,39.29,Female
1061,133.99,68.01,Female
1062,141.73,40.46,Female
1063,173.44,95.32,Male
1064,194.23,57.07,Male
1065,153.99,63.46,Female
1066,157.14,70.24,Female
1067,188.02,70.28,Male
1068,163.21,69.2,Male
1069,189.08,60.31,Male
1070,152.59,80.71,Female
1071,159.62,67.48,Female
1072,143.25,64.36,Female
1073,167.63,81.05,Female
1074,159.51,102.62,Male
1075,156.89,78.02,Male
1076,155.68,87.51,Male
1077,147.18,69.32,Female
1078,139.85,79.4,Female
1079,172.45,75.81,Male
1080,167.19,66.76,Male
1081,160.29,79.32,Male
1082,167.7,59.64,Female
1083,159.31,69.47,Female
1084,147.56,44.2,Female
1085,173.35,58.26,Male
1086,171.98,61.03,Female
1087,149.66,63.18,Female
1088,143.05,56.83,Female
1089,158.77,69.42,Male
1090,180.92,73.04,Male
1091,179.12,41.24,Male
1092,151.33,50.93,Female
1093,173.93,65.32,Female
1094,153.73,46.52,Female
1095,170.33,64.48,Male
1096,184.69,82.08,Male
1097,178.03,75.52,Male
1098,165.57,65.12,Female
1099,146.15,73.85,Female
1100,146.44,48.92,Female
1101,168.22,51.34,Female
1102,169.97,86.57,Male
1103,161.38,87.24,Male
1104,143.11,74.01,Female
1105,151.03,50.18,Female
1106,159.89,65.86,Female
1107,167.54,62.77,Male
1108,191.73,64.6,Male
1109,162.53,58.5,Female
1110,167.74,60.71,Female
1111,160.88,77.8,Female
1112,127.3,49.13,Female
1113,169.5,63.47,Male
1114,164.72,53.13,Male
1115,152.62,53.17,Female
1116,141.75,65.41,Female
1117,175.31,54.45,Female
1118,175.09,71.39,Male
1119,164.73,64.46,Female
1120,145.06,67.56,Female
1121,148.21,50.97,Female
1123,170.01,61.17,Male
1124,177.82,52.37,Male
1125,155.21,63.03,Male
1126,163.24,60.13,Male
1127,147.23,80.2,Female
1128,151.11,42.27,Female
1129,128.89,60.18,Female
1130,152.34,50.74,Female
1131,184.09,92.51,Male
1132,172.38,78.8,Male
1133,168.75,91.74,Male
1134,170.4,83.71,Male
1135,142.56,52.48,Female
1136,164.21,62.54,Female
1137,157.52,45.13,Female
1138,167.58,79.42,Female
1139,150.38,49.15,Female
1140,187.92,75.85,Male
1141,187.83,102.41,Male
1142,140.69,58.12,Female
1143,167.64,52.05,Female
1144,142.32,55.19,Female
1145,188.07,77.35,Male
1146,178.93,70.57,Male
1147,172.72,35.32,Male
1148,184.71,84.39,Male
1149,155.17,89.21,Male
1150,187.9,88.32,Male
1151,154.21,41.44,Female
1152,157.24,58.14,Female
1153,143.63,37.77,Female
1154,139.79,61.68,Female
1155,137.93,75.13,Female
1156,165.9,62.56,Female
1157,165.34,65.93,Male
1158,156.86,61.34,Female
1159,167.77,85.94,Male
1160,166.74,40.36,Male
1161,159.2,52.71,Male
1162,173.33,64.14,Male
1163,177.14,73.4,Male
1164,175.91,48.81,Male
1165,149.14,63.59,Female
1166,157.12,69.36,Female
1167,157.7,48.85,Female
1168,153.33,66.82,Female
1169,169.91,67.55,Male
1170,166.22,76.68,Male
1171,171.77,71.52,Male
1172,152.02,45.92,Female
1173,157.87,46.52,Female
1174,182.65,79.41,Male
1175,161.87,71.16,Male
1176,161.0,73.67,Male
1177,175.25,88.1,Male
1178,183.09,85.6,Male
1179,193.8,59.01,Male
1180,155.76,71.53,Female
1181,192.23,69.69,Male
1182,157.75,57.92,Female
1183,152.69,50.98,Female
1184,143.46,45.75,Female
1185,170.22,49.09,Male
1186,185.54,64.78,Male
1187,169.59,59.31,Female
1188,170.5,52.0,Female
1189,179.79,70.01,Male
1190,179.02,96.5,Male
1191,171.82,84.93,Male
1192,142.69,63.84,Female
1193,175.17,82.76,Male
1194,164.39,54.68,Male
1195,171.39,96.39,Male
1196,175.92,82.46,Male
1197,179.06,62.35,Male
1198,171.63,102.02,Male
1199,152.96,50.49,Female
1200,147.51,58.1,Female
1201,175.29,86.34,Male
1202,184.23,88.52,Male
1203,161.87,80.03,Female
1204,151.35,35.47,Female
1205,156.15,48.41,Female
1206,146.89,42.76,Female
1207,151.32,57.22,Female
1208,139.66,48.29,Female
1209,178.04,67.51,Male
1210,146.88,78.39,Male
1211,164.81,89.24,Male
1212,183.62,78.57,Male
1213,184.12,91.9,Male
1214,143.67,79.15,Female
1215,172.0,54.68,Female
1216,161.78,56.91,Female
1217,154.76,64.01,Female
1218,159.35,47.31,Female
1219,162.55,71.29,Male
1220,188.97,73.52,Male
1222,184.56,37.57,Male
1223,146.34,59.44,Female
1224,143.39,69.27,Female
1225,156.1,48.33,Female
1226,157.87,50.89,Female
1227,164.89,59.26,Female
1228,151.89,43.19,Female
1229,158.67,60.3,Male
1230,192.91,76.13,Male
1231,167.96,78.21,Male
1232,143.79,60.21,Female
1234,171.51,89.66,Male
1235,160.82,70.01,Male
1236,175.32,92.43,Male
1237,156.76,70.03,Male
1238,171.73,52.17,Male
1239,155.54,72.82,Female
1240,164.6,73.3,Female
1241,179.52,68.29,Male
1242,185.34,56.26,Male
1243,173.93,83.22,Male
1244,168.92,68.24,Male
1245,147.89,69.5,Female
1246,156.77,47.79,Female
1247,150.56,49.66,Female
1248,169.54,74.02,Female
1249,146.66,63.9,Female
1251,164.89,106.55,Male
1252,157.74,95.91,Male
1253,147.84,70.85,Male
1254,166.08,80.18,Male
1255,160.73,97.77,Male
1257,152.52,85.35,Female
1258,145.73,59.41,Female
1259,145.99,65.87,Female
1260,176.04,73.03,Male
1261,160.65,64.16,Male
1262,174.69,89.17,Male
1263,160.02,89.58,Male
1264,188.66,66.89,Male
1265,167.48,45.69,Female
1266,153.23,55.09,Female
1267,160.12,62.97,Male
1268,143.81,73.38,Male
1269,168.33,94.33,Male
1270,166.49,76.26,Male
1271,117.23,70.28,Female
1272,155.56,72.59,Female
1273,153.75,68.66,Female
1274,136.8,51.98,Female
1275,173.54,95.08,Male
1276,169.8,85.9,Male
1277,161.77,58.85,Female
1278,142.41,56.22,Female
1279,166.62,82.8,Female
1280,160.62,70.77,Female
1281,168.61,38.38,Male
1282,175.11,81.72,Male
1283,167.98,89.93,Male
1284,172.8,79.67,Male
1285,164.2,75.25,Male
1286,171.2,42.74,Female
1287,150.91,63.9,Female
1288,163.73,80.91,Male
1289,174.34,93.84,Male
1290,153.14,69.41,Female
1291,163.31,61.12,Female
1292,127.83,61.19,Female
1293,183.43,72.05,Male
1294,165.99,74.58,Male
1295,168.06,83.85,Male
1296,175.72,63.38,Female
1297,154.84,58.8,Female
1298,134.39,63.09,Female
1299,121.82,60.41,Female
1300,172.55,85.25,Male
1301,176.29,85.75,Male
1302,168.03,84.89,Male
1303,165.61,71.6,Male
1304,167.32,60.76,Female
1305,150.93,78.47,Female
1306,145.74,56.78,Female
1307,167.34,61.35,Male
1308,180.08,71.44,Male
1309,173.09,83.57,Male
1310,171.33,66.13,Male
1311,164.28,50.62,Female
1312,195.0,78.64,Male
1313,158.25,72.62,Male
1314,184.62,68.2,Male
1315,179.91,57.93,Male
1316,153.14,59.62,Female
1317,158.25,87.68,Male
1318,179.08,97.79,Male
1319,185.37,96.05,Male
1320,168.71,49.19,Male
1321,164.33,62.71,Male
1322,149.63,78.91,Female
1323,137.23,71.39,Female
1324,149.29,72.1,Female
1325,179.37,70.36,Male
1326,167.13,64.58,Male
1327,193.76,61.9,Male
1328,170.38,85.5,Male
1329,174.04,60.91,Male
1330,160.04,56.86,Male
1331,135.7,76.76,Female
1332,160.17,63.73,Male
1333,177.9,91.02,Male
1334,178.14,84.07,Male
1335,156.06,75.74,Male
1336,162.16,61.8,Female
1337,137.82,79.34,Female
1338,149.29,65.29,Female
1339,155.72,48.28,Female
1340,144.44,59.99,Female
1341,153.08,60.59,Female
1342,151.99,72.22,Female
1343,137.32,52.7,Female
1344,168.99,88.59,Male
1345,174.3,65.52,Male
1346,137.65,63.39,Female
1347,153.29,52.46,Female
1348,138.18,68.91,Female
1349,143.87,65.82,Male
1350,159.49,74.99,Male
1351,169.98,75.98,Male
1352,155.01,50.65,Female
1353,149.6,76.38,Female
1354,167.15,76.77,Male
1355,182.59,70.55,Male
1356,175.63,75.14,Male
1357,156.38,47.72,Male
1358,153.97,75.77,Female
1359,163.36,51.67,Male
1360,166.5,54.24,Male
1361,141.65,80.99,Male
1362,166.84,47.71,Male
1363,131.0,51.53,Female
1364,147.04,47.17,Female
1365,149.09,73.99,Female
1366,174.12,85.09,Male
1367,159.35,66.25,Female
1368,153.17,67.96,Female
1369,177.24,73.04,Male
1370,182.22,44.16,Male
1371,186.85,91.68,Male
1372,163.15,73.22,Male
1373,145.34,81.95,Female
1374,178.42,87.06,Male
1375,171.39,74.92,Male
1376,147.92,72.56,Female
1377,135.55,67.98,Female
1378,169.93,53.93,Female
1379,141.19,70.14,Female
1380,137.0,45.14,Female
1381,129.84,46.96,Female
1382,150.15,30.53,Male
1383,190.04,49.03,Male
1384,174.43,96.62,Male
1385,181.21,59.55,Male
1387,146.0,70.78,Female
1388,155.06,52.71,Female
1389,177.15,73.29,Male
1390,181.53,60.14,Male
1391,161.67,73.97,Male
1392,155.23,85.44,Male
1393,182.88,106.44,Male
1394,147.86,51.29,Female
1395,154.49,65.46,Female
1396,150.04,85.21,Male
1397,155.54,73.5,Female
1398,156.26,69.33,Female
1399,149.73,66.46,Female
1400,170.57,65.73,Female
1401,145.77,52.61,Female
1402,172.0,76.66,Female
1403,178.86,83.67,Male
1404,170.74,90.28,Male
1405,178.1,63.78,Male
1406,154.72,59.09,Female
1407,135.8,61.36,Female
1409,194.12,60.81,Male
1410,151.64,37.06,Female
1411,141.79,63.76,Female
1412,131.7,78.36,Female
1413,167.94,62.46,Female
1414,164.09,51.3,Female
1415,153.91,63.76,Female
1416,161.55,49.18,Female
1417,162.04,78.29,Female
1418,155.17,68.16,Female
1419,146.47,42.32,Female
1420,172.26,41.07,Male
1421,171.05,99.68,Male
1422,152.08,56.88,Female
1423,179.16,66.57,Female
1424,167.78,52.76,Male
1425,173.78,77.89,Male
1426,187.64,58.31,Male
1427,179.29,79.78,Male
1428,150.78,67.35,Female
1429,134.21,59.56,Female
1430,140.57,59.6,Female
1431,173.63,65.63,Male
1432,138.62,76.74,Female
1433,168.64,69.62,Male
1434,169.58,68.77,Male
1435,187.08,76.41,Male
1436,178.12,70.81,Male
1438,185.99,99.17,Male
1439,194.32,64.54,Male
1440,150.82,37.65,Female
1441,145.08,42.59,Female
1442,168.92,95.59,Male
1443,168.51,57.28,Male
1444,162.43,77.24,Male
1445,146.67,63.2,Female
1446,149.62,50.48,Female
1447,146.28,68.86,Female
1448,157.99,90.49,Male
1449,175.96,82.98,Male
1450,169.78,88.67,Male
1451,144.35,71.33,Female
1452,145.62,69.02,Female
1453,170.91,91.65,Male
1454,163.37,44.12,Male
1455,158.36,70.65,Male
1456,158.92,50.47,Female
1457,148.03,55.76,Female
1458,148.79,62.35,Female
1459,177.54,51.9,Male
1460,170.96,83.22,Male
1461,185.36,60.06,Male
1462,160.76,63.44,Male
1463,160.25,52.41,Female
1464,147.88,62.95,Female
1465,157.41,63.56,Female
1466,154.47,45.89,Female
1467,149.38,62.43,Female
1468,161.29,58.77,Male
1469,137.07,55.0,Male
1470,172.07,69.9,Male
1471,138.35,56.16,Female
1472,144.78,48.98,Female
1473,145.92,46.9,Female
1474,174.78,52.74,Female
1475,170.0,75.65,Male
1476,142.86,54.83,Female
1477,161.04,76.66,Female
1478,150.06,64.25,Female
1479,153.97,67.24,Female
1480,180.28,92.56,Male
1481,179.63,89.83,Male
1482,176.25,76.66,Male
1483,172.54,85.74,Male
1484,167.8,93.25,Male
1485,136.1,60.17,Female
1486,150.63,71.46,Female
1487,154.85,83.75,Female
1488,132.65,59.31,Female
1489,158.45,68.09,Male
1490,141.9,54.58,Female
1491,139.74,50.44,Female
1492,173.8,83.78,Male
1493,195.35,70.66,Male
1494,174.31,64.81,Male
1495,187.06,100.25,Male
1496,141.27,79.56,Female
1497,154.27,77.32,Female
1498,150.97,79.39,Female
1499,161.27,49.95,Male
1500,184.94,85.58,Male
1501,168.92,62.51,Male
1502,159.91,79.16,Female
1503,142.27,49.6,Female
1504,158.57,42.54,Female
1505,171.72,63.03,Male
1506,174.96,45.23,Male
1507,157.19,84.92,Male
1508,171.78,83.87,Male
1509,185.27,62.23,Male
1510,180.06,95.79,Male
1511,162.98,65.78,Female
1512,149.66,70.26,Female
1513,153.64,78.18,Female
1514,162.6,56.4,Female
1515,136.8,43.43,Female
1516,148.16,50.68,Female
1517,174.16,73.87,Male
1518,163.73,74.76,Male
1519,184.48,59.94,Male
1520,138.77,46.12,Female
1521,152.06,68.68,Female
1522,143.06,69.29,Female
1523,156.79,58.77,Female
1524,150.39,66.86,Female
1525,142.17,63.7,Female
1526,164.86,87.15,Male
1527,197.7,62.53,Male
1528,170.82,81.1,Male
1529,135.05,64.05,Female
1530,149.93,60.47,Female
1531,149.71,64.19,Female
1532,152.66,69.53,Female
1533,167.04,57.38,Male
1534,156.98,85.05,Male
1535,173.43,70.43,Male
1536,176.7,69.71,Male
1537,163.22,89.68,Female
1538,152.91,55.36,Female
1539,141.65,46.44,Female
1540,153.63,64.35,Female
1541,195.21,104.27,Male
1542,149.45,60.96,Female
1543,163.25,75.96,Male
1544,169.76,51.22,Male
1545,170.81,68.12,Male
1546,177.06,64.08,Male
1547,170.04,96.73,Male
1548,167.51,42.33,Male
1549,178.05,90.86,Male
1550,155.19,60.31,Female
1551,159.96,63.89,Female
1553,165.8,64.16,Male
1554,170.81,62.4,Male
1555,165.44,66.68,Male
1556,169.67,65.47,Male
1557,173.86,82.28,Male
1558,172.96,78.83,Male
1559,154.62,54.17,Female
1560,143.41,68.53,Female
1561,160.51,55.09,Female
1562,144.82,64.9,Female
1563,138.13,53.0,Female
1564,137.57,87.31,Female
1565,171.83,86.04,Male
1566,168.21,76.22,Male
1567,161.16,61.96,Male
1568,164.03,86.06,Male
1569,156.84,59.7,Female
1570,179.32,53.95,Male
1571,148.14,73.93,Female
1572,159.0,69.2,Female
1573,157.12,67.2,Female
1574,170.25,50.15,Male
1575,174.05,60.3,Male
1576,166.8,63.13,Male
1577,164.82,65.06,Female
1578,145.62,74.49,Female
1579,164.67,85.08,Female
1580,159.69,79.28,Male
1581,160.22,75.02,Male
1582,153.91,71.08,Male
1583,186.59,59.33,Male
1584,174.13,59.0,Male
1585,184.16,72.7,Male
1586,168.02,59.88,Male
1587,176.15,58.07,Male
1588,165.83,81.22,Male
1589,144.97,65.81,Female
1590,159.45,59.82,Female
1591,173.87,61.25,Male
1592,179.99,61.19,Male
1593,188.67,94.04,Male
1594,168.69,79.16,Male
1595,182.62,84.11,Male
1596,184.91,94.5,Male
1597,146.52,70.17,Female
1598,136.49,86.13,Female
1599,154.99,57.97,Male
1600,181.66,95.3,Male
1601,179.85,32.32,Male
1602,156.48,66.71,Female
1603,144.92,73.09,Female
1604,156.46,76.51,Female
1605,137.17,58.86,Female
1606,135.57,69.0,Female
1607,173.55,79.02,Male
1608,163.76,54.7,Male
1609,180.0,81.08,Male
1610,175.4,89.12,Male
1611,141.0,44.31,Female
1612,151.36,69.84,Female
1613,151.17,50.96,Female
1614,145.15,53.54,Female
1615,189.76,73.07,Male
1616,170.91,100.04,Male
1617,173.93,52.23,Male
1618,156.96,88.35,Female
1619,149.13,58.79,Female
1620,135.55,64.82,Female
1621,164.13,71.2,Male
1622,164.44,71.62,Male
1623,129.95,62.02,Female
1624,158.8,57.34,Female
1625,138.02,74.36,Female
1626,132.94,46.57,Female
1627,165.06,50.39,Female
1628,156.43,68.86,Female
1629,152.3,66.93,Male
1630,168.25,77.09,Male
1631,178.64,59.34,Male
1632,164.61,89.55,Male
1633,185.27,86.34,Male
1634,151.48,57.28,Female
1635,137.08,68.66,Female
1636,128.3,63.39,Female
1637,177.72,58.24,Male
1638,171.95,77.64,Male
1639,168.52,63.01,Male
1640,170.93,77.52,Male
1641,137.01,61.8,Female
1642,136.96,66.82,Female
1643,147.51,55.69,Female
1644,185.28,76.71,Male
1645,131.39,54.74,Female
1646,140.33,55.17,Female
1647,158.66,81.9,Male
1648,173.11,92.5,Male
1649,177.27,69.84,Male
1650,145.63,54.53,Female
1651,153.83,49.44,Female
1652,178.38,63.0,Male
1653,174.46,39.2,Male
1654,170.32,74.88,Male
1655,161.97,68.99,Male
1656,148.91,40.98,Female
1657,165.45,68.45,Female
1658,161.46,61.19,Female
1659,137.76,82.97,Female
1660,145.63,77.31,Male
1661,170.13,52.95,Male
1662,178.62,89.42,Male
1663,148.37,65.66,Female
1664,142.83,76.49,Female
1665,147.07,46.73,Female
1666,171.38,69.41,Male
1667,166.4,64.04,Male
1668,168.19,63.32,Male
1669,178.28,74.64,Male
1670,135.01,70.58,Female
1671,145.29,60.54,Male
1672,143.46,58.52,Female
1673,131.95,68.01,Female
1674,177.17,99.57,Male
1675,169.36,72.72,Male
1676,171.07,84.36,Male
1677,167.12,87.62,Male
1678,162.07,97.9,Male
1679,159.74,66.36,Female
1680,162.24,52.32,Female
1681,153.68,56.23,Female
1682,183.31,93.18,Male
1683,171.94,87.74,Male
1684,167.89,77.48,Male
1685,176.8,73.81,Male
1686,167.56,71.21,Male
1687,178.43,77.57,Male
1688,148.83,65.2,Female
1689,139.77,62.89,Female
1690,160.5,78.17,Male
1691,182.69,52.7,Male
1692,139.6,43.07,Female
1693,138.05,63.12,Female
1694,148.89,53.18,Female
1695,138.49,53.86,Female
1696,155.09,49.34,Female
1697,178.78,47.85,Male
1698,164.94,100.82,Male
1699,180.19,88.39,Male
1700,144.85,54.64,Female
1701,164.39,57.91,Female
1702,167.36,64.37,Male
1703,168.55,70.26,Male
1704,179.41,71.78,Male
1705,170.41,43.84,Male
1706,141.16,49.27,Female
1707,167.89,65.98,Male
1708,158.14,81.58,Male
1709,168.62,96.75,Male
1710,179.49,88.46,Male
1711,168.88,74.09,Male
1712,164.54,94.83,Male
1713,158.32,61.73,Female
1714,152.11,74.35,Female
1715,145.06,57.81,Female
1716,132.34,62.1,Female
1717,165.12,71.28,Male
1718,156.46,80.07,Male
1719,165.38,77.63,Female
1720,183.45,41.48,Female
1721,147.79,71.53,Female
1722,129.37,48.94,Female
1723,178.6,81.19,Male
1724,179.35,85.38,Male
1725,137.87,56.96,Female
1726,131.37,53.39,Female
1727,166.31,64.72,Female
1728,148.83,48.25,Female
1729,159.57,67.11,Female
1730,165.87,38.47,Male
1731,155.4,72.91,Male
1732,175.57,95.11,Male
1733,149.07,89.64,Male
1734,169.15,60.14,Female
1735,164.52,68.49,Female
1736,157.39,43.13,Female
1737,182.04,76.31,Male
1738,171.58,63.89,Male
1739,152.16,72.59,Female
1740,135.1,53.83,Female
1741,142.13,53.33,Female
1742,155.4,56.58,Female
1743,178.95,103.14,Male
1744,169.83,91.84,Male
1745,175.77,59.8,Male
1746,149.79,57.99,Female
1747,162.65,71.9,Female
1748,149.72,67.36,Female
1749,174.59,60.11,Male
1750,160.15,72.71,Male
1751,157.54,49.73,Male
1752,177.98,80.79,Male
1753,166.71,72.02,Male
1754,165.14,86.62,Male
1755,149.26,88.15,Female
1756,155.42,60.01,Female
1757,150.2,66.95,Female
1758,163.08,72.41,Female
1759,171.12,70.76,Male
1760,156.12,42.67,Female
1761,193.06,42.11,Male
1762,161.03,58.15,Male
1763,157.57,66.52,Male
1764,163.5,37.84,Female
1765,138.21,63.31,Female
1766,156.25,70.75,Female
1767,141.4,49.96,Female
1768,157.67,69.14,Male
1769,154.06,98.67,Male
1770,189.54,69.71,Male
1771,152.28,71.21,Male
1772,178.1,73.74,Male
1773,188.96,90.96,Male
1774,156.8,57.77,Female
1775,151.63,62.21,Female
1776,175.45,50.52,Male
1777,196.11,63.62,Male
1778,173.26,65.76,Male
1779,182.25,89.12,Male
1780,185.28,86.39,Male
1781,154.64,77.0,Female
1782,162.12,67.76,Female
1783,136.01,53.12,Female
1784,177.55,54.27,Male
1785,140.62,66.88,Female
1786,158.53,73.55,Female
1787,173.46,53.29,Male
1788,157.65,60.89,Female
1789,147.25,53.27,Female
1790,141.31,65.74,Female
1791,179.53,79.24,Male
1792,162.25,87.46,Male
1793,171.9,88.18,Male
1794,149.29,61.14,Female
1795,149.6,50.84,Female
1796,159.68,80.48,Female
1797,151.01,50.81,Female
1798,174.17,102.25,Male
1799,167.32,99.06,Male
1800,134.6,74.57,Female
1801,148.31,67.79,Female
1802,141.87,76.93,Female
1803,159.5,85.03,Female
1804,148.37,62.08,Female
1805,161.83,79.84,Male
1806,171.0,52.49,Male
1807,149.52,67.54,Female
1808,155.06,70.51,Female
1809,135.5,71.46,Female
1810,135.8,56.39,Female
1811,182.86,76.27,Male
1812,178.14,80.12,Male
1813,171.77,93.97,Male
1814,148.75,43.26,Female
1815,136.51,55.15,Female
1816,131.43,62.21,Female
1817,180.85,63.26,Male
1818,151.63,59.88,Female
1819,154.42,75.35,Female
1820,133.28,57.54,Female
1821,169.34,69.36,Male
1822,165.69,82.91,Male
1823,172.72,88.53,Male
1824,170.44,50.36,Male
1825,170.81,41.76,Male
1826,166.55,65.14,Male
1827,155.8,74.14,Female
1828,151.05,92.23,Female
1829,142.53,53.32,Female
1830,155.3,44.99,Female
1831,154.55,55.49,Female
1832,173.0,71.54,Male
1833,175.51,51.4,Male
1834,172.35,67.7,Male
1835,167.55,56.36,Male
1836,161.23,52.3,Female
1837,140.62,50.26,Female
1838,142.37,84.38,Female
1839,168.09,61.37,Male
1840,156.23,85.74,Male
1841,140.52,66.78,Female
1842,138.45,85.12,Female
1843,164.43,54.9,Female
1844,143.33,65.87,Female
1845,145.96,52.52,Female
1846,153.83,68.44,Female
1847,139.27,59.27,Female
1848,151.55,82.1,Female
1849,173.22,67.86,Male
1850,169.5,83.96,Male
1851,176.44,75.41,Male
1852,163.37,58.71,Female
1853,147.27,73.64,Female
1854,142.66,45.85,Female
1855,156.21,40.6,Female
1856,144.44,64.88,Female
1857,178.09,93.11,Male
1858,186.9,81.29,Male
1859,155.25,87.8,Female
1860,145.85,67.64,Female
1861,141.14,75.46,Female
1862,150.34,48.77,Female
1863,158.38,73.41,Male
1864,151.56,75.46,Female
1865,147.34,63.06,Female
1866,144.29,59.55,Female
1867,151.1,39.99,Female
1868,188.86,49.85,Male
1869,147.3,53.61,Female
1870,158.1,75.6,Male
1871,187.53,85.84,Male
1872,155.62,76.82,Male
1873,176.48,64.8,Male
1874,153.65,62.93,Female
1875,171.35,85.59,Female
1876,180.6,99.77,Male
1877,144.87,82.94,Female
1878,137.33,40.81,Female
1879,175.78,57.71,Male
1880,164.57,59.26,Male
1881,162.94,94.85,Male
1882,165.06,51.41,Male
1883,164.72,78.83,Male
1884,140.45,43.77,Female
1885,154.23,68.98,Female
1886,155.02,79.61,Female
1887,167.32,78.06,Male
1888,163.14,69.95,Male
1889,142.24,63.34,Female
1890,170.91,80.03,Female
1891,165.61,94.66,Male
1892,162.55,73.56,Male
1893,166.32,103.17,Male
1894,146.83,46.41,Female
1895,166.39,62.47,Female
1896,151.97,46.15,Female
1897,142.25,66.03,Female
1898,135.55,75.2,Female
1899,145.13,58.15,Female
1900,141.76,63.19,Female
1901,146.26,75.2,Female
1902,134.11,62.53,Female
1903,159.7,53.67,Female
1904,180.67,98.65,Male
1905,163.02,53.42,Male
1906,165.25,76.28,Male
1908,159.04,45.79,Male
1909,201.68,62.71,Male
1910,171.82,79.04,Male
1911,167.47,55.73,Male
1912,158.62,72.68,Female
1913,158.88,58.94,Female
1914,128.9,60.13,Female
1915,162.22,66.22,Male
1916,171.04,71.29,Male
1917,162.81,68.77,Male
1918,162.92,68.5,Female
1919,167.78,43.55,Female
1920,156.01,55.11,Female
1921,151.38,55.22,Male
1922,164.77,89.64,Male
1923,162.11,58.97,Male
1924,170.0,68.09,Male
1925,179.56,36.84,Male
1926,144.14,55.14,Female
1927,145.57,55.44,Female
1928,154.79,43.48,Female
1929,137.64,71.28,Female
1930,144.42,73.92,Female
1931,167.61,93.11,Male
1932,170.09,73.57,Male
1933,178.82,73.48,Male
1934,148.03,80.56,Female
1935,137.39,70.45,Female
1936,157.6,97.07,Male
1937,166.93,92.63,Male
1938,175.43,62.63,Male
1939,147.51,77.15,Female
1940,194.9,85.58,Male
1941,185.74,80.72,Male
1942,171.88,104.68,Male
1943,171.52,88.18,Male
1944,175.84,64.61,Male
1945,142.82,73.05,Female
1946,143.76,41.2,Female
1947,169.48,85.05,Male
1948,171.22,86.87,Male
1949,135.27,50.01,Female
1950,143.44,77.64,Female
1951,137.22,72.57,Female
1952,145.59,72.69,Female
1953,137.34,65.37,Female
1955,173.89,73.54,Male
1956,184.25,67.23,Male
1957,158.17,67.14,Male
1958,153.66,62.65,Female
1959,156.71,53.83,Male
1960,148.26,99.44,Male
1962,181.7,53.48,Male
1963,169.77,66.7,Male
1964,151.66,73.93,Female
1965,159.92,64.34,Female
1966,139.38,43.42,Female
1967,125.66,41.1,Female
1968,154.02,62.68,Female
1969,153.19,93.04,Male
1970,162.63,57.46,Male
1971,170.42,55.0,Male
1972,173.12,59.02,Male
1973,151.32,68.68,Female
1974,157.64,66.96,Female
1975,160.2,56.64,Female
1976,175.28,69.16,Male
1977,161.33,89.77,Male
1978,168.55,51.02,Female
1979,140.38,72.03,Female
1980,164.7,57.95,Female
1981,133.82,59.25,Female
1982,164.88,96.84,Male
1983,166.15,73.02,Male
1984,145.05,52.11,Female
1985,150.47,49.8,Female
1986,154.71,71.66,Female
1987,177.25,70.7,Male
1988,179.06,69.35,Male
1989,187.79,62.8,Male
1990,159.79,78.78,Female
1991,171.36,77.91,Male
1992,172.03,43.83,Male
1993,153.9,58.39,Female
1994,149.64,60.07,Female
1995,160.18,54.73,Male
1997,150.77,65.7,Female
1998,149.9,73.31,Male
1999,153.51,66.41,Male
2000,190.24,88.21,Male
2002,161.04,56.25,Female
2003,169.57,53.31,Male
2004,171.44,54.65,Female
2005,161.17,73.61,Female
2006,149.69,45.32,Female
2007,143.43,77.2,Female
2008,171.58,75.64,Male
2010,161.71,55.76,Female
2011,162.77,59.37,Female
2012,165.54,67.11,Male
2013,176.67,106.64,Male
2014,142.82,40.88,Female
2015,154.62,63.13,Female
2016,153.1,61.88,Female
2017,177.73,67.7,Male
2018,141.48,35.17,Female
2019,182.6,75.62,Male
2020,179.0,79.02,Male
2021,161.36,69.38,Male
2022,147.63,68.53,Female
2023,139.84,56.88,Female
2024,149.21,42.02,Female
2025,130.58,39.73,Female
2026,161.37,41.95,Female
2027,134.17,50.11,Female
2028,125.41,78.22,Female
2029,178.88,69.79,Male
2030,144.04,50.87,Female
2031,169.61,61.47,Male
2032,168.28,55.07,Male
2033,158.17,62.37,Female
2034,158.78,87.74,Male
2035,167.45,74.09,Male
2036,157.49,78.29,Male
2037,174.73,77.3,Male
2038,169.34,47.52,Male
2039,170.98,41.98,Male
2040,174.27,74.9,Male
2041,156.78,95.98,Male
2042,156.81,49.08,Female
2043,134.31,79.76,Female
2044,184.97,75.04,Male
2045,166.12,72.14,Male
2046,168.43,96.4,Male
2047,129.95,64.12,Female
2048,156.96,65.59,Female
2049,169.66,72.27,Male
2050,155.23,69.47,Female
2051,154.94,73.28,Female
2052,146.8,97.19,Female
2053,148.58,60.94,Female
2054,157.52,65.39,Female
2055,159.2,73.3,Female
2056,164.44,63.33,Male
2057,190.4,64.54,Male
2058,162.18,90.36,Male
2059,178.45,91.83,Male
2060,183.14,56.73,Male
2061,133.77,60.12,Female
2062,162.11,65.87,Female
2063,172.92,64.45,Male
2064,161.87,90.31,Male
2065,150.51,56.63,Female
2066,139.31,63.84,Female
2067,179.87,70.35,Male
2068,174.15,54.58,Male
2069,167.17,78.57,Male
2070,173.96,67.85,Male
2072,145.17,55.25,Female
2073,146.51,55.76,Female
2074,165.82,44.16,Male
2075,165.35,57.76,Female
2076,159.11,72.39,Female
2077,156.03,79.19,Male
2078,157.93,43.29,Female
2079,171.84,64.56,Female
2080,176.54,91.71,Male
2081,182.08,84.92,Male
2082,182.13,74.19,Male
2083,140.57,75.91,Female
2084,151.26,47.44,Female
2085,181.46,72.0,Male
2086,182.07,92.97,Male
2087,175.87,82.03,Female
2088,143.21,53.6,Female
2089,123.01,40.55,Female
2090,132.34,61.38,Female
2091,147.21,69.67,Female
2092,165.64,74.0,Male
2093,173.55,71.11,Male
2094,175.85,54.61,Male
2095,154.37,80.76,Male
2096,159.27,75.04,Male
2097,166.14,76.14,Male
2098,161.03,54.43,Female
2099,164.91,64.94,Female
2100,149.19,53.17,Female
2101,160.31,59.77,Female
2102,178.36,65.5,Male
2103,164.21,82.78,Male
2104,169.82,78.2,Male
2105,133.91,69.58,Female
2106,147.2,51.42,Female
2107,162.74,48.24,Female
2108,152.89,65.97,Female
2109,140.33,59.67,Female
2110,150.45,66.36,Female
2111,136.3,76.74,Female
2112,182.76,64.3,Female
2113,167.2,76.72,Male
2114,162.41,71.65,Male
2115,162.74,71.61,Male
2116,150.03,72.18,Female
2117,179.98,54.69,Male
2118,175.96,67.06,Male
2119,154.7,56.52,Male
2120,167.71,67.4,Male
2121,163.43,75.8,Male
2122,170.2,76.61,Male
2123,133.15,76.96,Female
2124,147.22,67.79,Female
2125,163.16,52.76,Female
2126,173.82,43.39,Female
2127,139.34,58.23,Female
2128,150.13,59.64,Female
2129,167.16,58.73,Male
2130,164.2,89.87,Male
2131,178.19,81.54,Male
2132,161.88,58.92,Female
2133,149.51,44.5,Female
2134,160.42,72.48,Female
2135,158.65,66.36,Male
2136,178.89,80.45,Male
2137,162.97,68.25,Male
2138,176.61,54.17,Male
2139,179.06,79.68,Male
2140,172.7,66.75,Male
2141,174.21,73.67,Male
2142,164.47,83.06,Male
2143,161.59,61.75,Female
2144,151.22,64.72,Female
2145,137.55,60.38,Female
2146,145.83,50.93,Female
2147,178.35,53.49,Male
2148,170.34,41.0,Male
2149,161.35,58.95,Male
2150,130.47,69.53,Female
2151,167.52,67.25,Female
2152,176.15,91.66,Male
2153,180.51,70.24,Male
2154,150.79,57.52,Female
2155,159.79,60.26,Female
2156,154.36,93.29,Male
2157,160.8,88.08,Male
2158,161.69,80.92,Male
2159,157.24,90.31,Male
2160,171.33,63.09,Male
2161,148.66,79.58,Female
2162,157.21,73.77,Female
2163,158.41,56.41,Female
2164,143.54,63.09,Female
2165,137.9,54.3,Female
2166,159.51,56.81,Female
2167,185.56,69.82,Male
2168,166.04,69.78,Male
2169,155.72,58.36,Female
2170,166.51,58.32,Female
2171,132.88,80.07,Female
2172,130.99,82.67,Female
2173,149.17,56.44,Female
2174,148.27,74.45,Female
2175,163.55,83.33,Male
2176,167.63,69.5,Male
2177,179.24,68.33,Male
2178,170.66,65.07,Male
2179,171.38,56.95,Male
2180,145.22,46.15,Female
2181,135.23,65.19,Female
2182,145.27,54.57,Female
2183,127.77,50.4,Female
2184,187.13,52.4,Male
2185,173.69,76.54,Male
2186,163.53,57.3,Male
2187,152.35,65.55,Male
2189,183.19,96.57,Male
2190,137.9,67.28,Female
2191,145.56,51.99,Female
2192,174.56,70.31,Female
2193,161.06,53.96,Female
2194,155.13,68.78,Female
2195,152.85,54.75,Female
2196,152.19,56.79,Female
2197,173.38,93.71,Male
2198,166.25,76.15,Male
2199,182.59,49.65,Male
2200,147.76,68.74,Female
2201,133.57,55.3,Female
2202,168.86,70.45,Male
2203,169.55,68.11,Male
2204,157.98,82.84,Male
2205,181.59,98.41,Male
2206,170.21,60.88,Male
2207,142.54,74.82,Female
2208,166.64,68.77,Female
2209,145.38,93.04,Female
2210,149.68,69.46,Female
2211,155.18,56.27,Female
2212,147.4,49.25,Female
2213,151.13,67.52,Female
2214,170.04,88.08,Male
2215,185.34,86.72,Male
2216,156.23,64.0,Male
2217,168.71,54.57,Male
2218,179.18,81.96,Male
2219,155.24,66.71,Female
2220,143.47,70.61,Female
2221,166.45,66.08,Female
2222,142.21,50.24,Female
2223,146.44,53.28,Female
2224,143.07,56.89,Female
2225,179.8,70.73,Male
2226,173.15,65.88,Male
2227,162.08,70.18,Male
2228,148.05,82.05,Female
2229,150.69,44.81,Female
2230,140.83,67.83,Female
2231,141.52,51.96,Female
2232,183.92,75.7,Male
2233,153.12,53.03,Female
2234,172.83,72.81,Male
2235,160.47,92.82,Male
2236,130.47,53.51,Female
2237,153.56,42.89,Female
2238,124.93,87.03,Female
2239,141.66,62.73,Female
2240,174.54,50.55,Male
2241,148.35,63.91,Female
2242,150.08,65.92,Female
2243,155.63,48.89,Male
2244,163.97,57.18,Female
2245,160.38,77.49,Female
2246,145.01,66.28,Female
2247,162.43,80.49,Female
2248,137.97,63.67,Female
2249,145.89,80.52,Female
2250,180.38,52.64,Male
2251,145.05,66.65,Male
2252,190.41,90.25,Male
2253,154.37,73.72,Female
2254,150.07,60.31,Female
2255,138.9,71.77,Female
2256,168.03,90.04,Male
2257,170.24,80.65,Male
2258,167.49,69.19,Male
2259,168.58,54.72,Male
2260,179.05,66.42,Male
2261,172.03,80.42,Male
2262,176.59,72.05,Male
2263,165.14,57.87,Female
2264,147.23,63.7,Female
2265,173.56,73.2,Male
2266,193.28,82.5,Male
2267,174.55,67.31,Male
2268,141.7,46.64,Female
2269,158.56,61.1,Female
2270,152.4,37.26,Female
2271,157.92,64.36,Female
2272,166.67,48.03,Male
2273,177.47,98.54,Male
2274,169.32,90.45,Male
2275,134.83,68.27,Female
2276,143.62,62.91,Female
2277,162.01,66.45,Male
2278,167.34,61.63,Male
2279,150.25,86.49,Female
2280,166.74,70.41,Female
2281,155.93,68.56,Male
2282,152.98,51.93,Female
2283,164.73,44.72,Female
2284,148.54,55.62,Female
2285,176.22,72.14,Female
2286,178.35,57.68,Male
2287,171.54,72.37,Male
2288,171.94,81.86,Male
2290,134.01,34.21,Female
2291,119.34,55.83,Female
2292,156.14,31.39,Female
2293,126.4,75.09,Female
2294,176.38,67.44,Male
2295,176.95,63.66,Male
2296,139.08,62.56,Female
2297,140.72,48.6,Female
2298,155.85,60.11,Female
2299,136.54,49.96,Female
2300,151.85,63.28,Male
2301,181.89,89.08,Male
2302,183.47,84.43,Male
2303,158.16,102.04,Male
2304,150.62,92.91,Female
2305,151.78,48.93,Female
2306,167.03,89.34,Male
2307,147.52,62.7,Female
2308,157.38,54.86,Female
2309,183.48,77.01,Male
2310,183.61,85.87,Male
2311,154.05,91.01,Male
2312,158.74,75.16,Female
2313,144.26,50.34,Female
2314,152.49,40.3,Female
2315,163.95,73.62,Female
2316,178.97,73.16,Male
2317,152.01,72.02,Male
2318,166.03,100.28,Male
2319,166.75,85.73,Male
2320,169.63,66.27,Male
2321,179.32,95.28,Male
2322,147.79,55.48,Female
2323,168.0,46.45,Male
2324,176.07,55.8,Male
2325,154.85,66.26,Female
2326,145.32,83.69,Female
2327,154.8,42.44,Female
2328,136.57,55.27,Female
2329,176.88,76.43,Male
2330,137.71,67.82,Female
2331,165.35,56.45,Female
2332,130.76,59.97,Female
2333,146.42,76.25,Female
2334,153.52,69.57,Female
2335,170.95,66.37,Male
2336,175.94,76.27,Male
2337,168.62,88.93,Male
2338,151.78,70.7,Female
2339,139.88,50.47,Female
2340,156.62,86.86,Male
2341,150.34,83.63,Male
2342,159.5,53.37,Female
2343,167.84,67.84,Female
2344,162.51,64.87,Male
2345,171.46,89.4,Male
2346,162.9,56.46,Female
2347,151.81,50.08,Female
2348,142.98,61.67,Female
2349,167.87,52.88,Female
2350,139.13,67.6,Female
2351,174.42,44.91,Female
2352,150.01,53.48,Female
2353,154.18,64.59,Female
2354,179.03,58.24,Male
2355,155.27,56.57,Male
2356,162.3,52.12,Female
2357,172.27,80.59,Male
2358,175.79,71.99,Male
2359,145.63,67.91,Female
2360,148.96,80.21,Female
2361,141.22,83.79,Female
2362,147.54,64.61,Female
2363,143.92,55.65,Female
2364,173.6,81.7,Male
2365,141.29,51.61,Male
2366,184.21,90.21,Male
2367,169.65,70.62,Male
2368,171.15,62.33,Male
2369,153.27,85.02,Female
2370,160.03,67.01,Male
2371,148.76,101.64,Male
2372,172.65,79.71,Male
2373,127.82,56.02,Female
2374,159.74,53.51,Female
2375,160.29,63.48,Female
2376,166.16,73.32,Female
2377,160.52,91.49,Male
2378,173.16,86.22,Male
2379,169.89,97.34,Male
2380,181.57,71.67,Male
2381,189.61,55.04,Male
2382,170.95,96.34,Male
2383,166.31,72.28,Male
2384,163.82,67.17,Female
2385,139.58,72.78,Female
2386,161.15,68.59,Male
2387,158.18,66.24,Male
2388,143.22,76.3,Female
2389,141.04,75.17,Female
2390,160.71,92.59,Female
2391,128.28,57.88,Female
2392,141.22,39.56,Female
2393,161.33,82.71,Female
2394,158.38,92.29,Male
2395,160.56,76.94,Male
2396,158.71,76.64,Male
2397,172.54,64.66,Male
2398,179.69,77.05,Male
2399,162.62,68.61,Male
2400,158.53,57.53,Female
2401,144.74,52.28,Female
2402,161.33,74.64,Female
2403,121.77,72.93,Female
2404,172.84,45.13,Male
2405,163.57,99.45,Male
2406,169.91,85.81,Male
2407,165.17,61.73,Female
2408,157.9,72.49,Female
2409,166.4,86.8,Male
2410,149.18,52.37,Female
2411,157.42,68.6,Female
2412,149.25,69.32,Female
2413,136.55,56.55,Female
2414,153.65,68.04,Female
2415,129.43,80.96,Female
2416,155.94,56.45,Female
2417,139.71,78.0,Female
2418,154.39,84.92,Female
2419,177.92,86.59,Male
2421,158.41,56.87,Male
2422,164.6,52.15,Male
2423,156.14,54.86,Female
2424,141.74,68.18,Female
2425,183.67,73.92,Male
2426,151.2,64.45,Male
2427,162.86,74.08,Male
2428,136.53,60.39,Female
2429,157.44,84.59,Female
2430,138.41,70.69,Female
2431,151.97,82.26,Female
2432,146.49,63.73,Female
2433,142.71,71.76,Female
2434,173.93,50.0,Male
2435,178.33,72.97,Male
2436,176.93,98.45,Male
2437,168.76,89.31,Male
2438,164.18,73.52,Male
2439,180.18,72.05,Male
2440,135.94,84.21,Female
2441,152.23,55.84,Female
2442,157.68,63.31,Female
2443,146.79,79.73,Female
2444,151.64,64.65,Female
2445,139.07,82.57,Female
2446,154.7,80.9,Male
2447,164.6,79.31,Male
2448,135.39,54.46,Female
2449,167.69,62.63,Female
2450,162.38,60.54,Female
2451,159.01,50.52,Female
2452,159.67,100.77,Male
2453,171.59,67.66,Male
2454,174.78,50.3,Female
2455,145.51,67.14,Female
2456,170.73,51.21,Male
2457,157.02,78.84,Male
2458,142.86,50.8,Female
2459,160.39,67.49,Female
2460,155.12,103.23,Male
2461,173.97,68.51,Male
2462,184.53,58.12,Male
2463,164.93,104.16,Male
2464,174.57,91.64,Male
2465,157.71,89.31,Male
2466,174.73,49.72,Male
2467,157.95,48.2,Female
2468,167.97,63.86,Female
2469,162.09,53.62,Female
2470,129.0,71.79,Female
2471,171.24,76.63,Male
2472,166.24,59.83,Male
2473,159.71,65.01,Male
2474,174.54,78.03,Male
2475,159.67,67.67,Male
2476,142.06,69.08,Female
2477,155.0,68.31,Female
2478,165.44,57.85,Female
2479,171.58,50.81,Female
2480,164.15,71.78,Male
2481,173.35,83.78,Male
2482,144.98,78.85,Female
2483,150.0,65.12,Female
2484,141.16,59.95,Female
2485,176.06,86.96,Male
2486,162.91,68.76,Male
2487,179.9,43.86,Male
2488,141.67,61.01,Female
2489,150.35,67.09,Female
2490,154.65,59.89,Female
2491,172.83,85.28,Male
2492,173.43,77.42,Male
2493,125.97,73.6,Female
2494,183.04,80.55,Male
2495,165.39,68.36,Male
2496,173.13,80.99,Male
2497,159.88,73.67,Male
2498,142.74,49.87,Female
2499,155.45,54.38,Male
2500,175.97,65.09,Male
2501,172.04,76.5,Male
2502,161.08,50.28,Male
2503,174.51,95.35,Male
2504,179.44,81.91,Male
2505,137.09,44.96,Female
2506,146.12,73.9,Female
2507,157.31,66.85,Male
2508,165.32,85.36,Male
2509,133.94,62.49,Female
2510,134.44,38.82,Female
2511,160.32,71.95,Female
2512,175.84,67.51,Female
2513,170.55,86.85,Male
2514,181.18,85.73,Male
2515,180.85,104.23,Male
2516,162.5,59.96,Male
2517,178.35,83.55,Male
2518,163.57,63.72,Female
2519,170.15,56.24,Female
2520,182.37,72.29,Male
2521,173.26,84.82,Male
2522,157.62,62.47,Female
2523,155.93,61.99,Female
2524,126.3,50.74,Female
2525,169.98,87.06,Male
2526,175.5,74.45,Male
2527,158.9,68.57,Male
2528,181.02,60.57,Male
2529,147.2,63.12,Female
2530,129.45,81.4,Female
2531,151.35,63.48,Female
2532,160.17,63.71,Female
2533,174.49,90.13,Male
2534,175.77,64.08,Male
2535,143.45,52.97,Female
2536,184.28,66.52,Male
2537,132.83,60.44,Female
2538,135.17,53.93,Female
2539,166.05,59.88,Female
2540,164.05,74.37,Male
2541,171.88,64.77,Male
2542,146.88,51.03,Female
2543,125.27,68.46,Female
2544,173.37,90.61,Male
2545,159.61,57.16,Female
2546,153.32,79.31,Female
2547,144.79,36.58,Female
2548,171.4,69.68,Male
2549,150.77,61.25,Male
2550,153.47,37.87,Female
2551,152.18,59.06,Female
2552,156.47,49.67,Male
2553,172.32,86.97,Male
2554,136.54,72.59,Female
2555,156.0,58.08,Female
2556,175.92,71.58,Male
2557,181.04,70.69,Male
2558,187.17,72.98,Male
2559,184.83,83.24,Male
2560,164.02,97.37,Male
2561,160.83,75.76,Male
2562,173.75,65.55,Male
2563,173.37,57.74,Male
2564,174.73,63.65,Male
2565,148.46,67.49,Female
2566,168.31,73.28,Male
2567,158.24,50.72,Female
2568,157.23,52.77,Female
2569,147.16,68.7,Female
2570,163.85,60.93,Male
2571,199.86,87.05,Male
2572,143.84,48.37,Female
2573,161.71,73.45,Female
2574,171.57,74.15,Male
2575,184.5,74.68,Male
2576,171.57,62.07,Male
2577,170.8,69.52,Male
2578,172.45,69.2,Male
2579,162.64,100.84,Male
2580,185.51,52.75,Male
2581,156.19,73.49,Male
2582,163.38,58.77,Female
2583,145.86,45.28,Female
2584,167.53,78.13,Male
2585,189.87,63.78,Male
2586,177.39,40.28,Male
2587,162.47,60.1,Female
2588,141.67,70.76,Female
2589,144.98,58.31,Female
2590,147.65,58.13,Female
2591,190.69,96.4,Male
2592,169.11,54.89,Male
2593,177.48,85.77,Male
2594,165.76,78.33,Male
2595,155.81,70.71,Female
2596,168.74,73.59,Female
2597,162.06,58.12,Female
2598,138.2,69.12,Female
2599,150.07,46.46,Female
2600,129.39,73.66,Female
2601,160.04,70.59,Male
2602,180.22,66.11,Male
2603,126.48,63.22,Female
2604,137.95,45.8,Female
2605,176.19,41.23,Male
2606,170.86,77.31,Male
2607,149.58,66.27,Female
2608,149.04,49.29,Female
2609,169.33,61.61,Male
2610,158.5,65.71,Male
2611,149.61,66.96,Female
2612,177.6,76.2,Male
2613,182.78,81.95,Male
2614,182.61,72.38,Male
2615,201.43,89.82,Male
2616,153.6,70.02,Female
2617,139.57,70.44,Female
2618,143.72,49.41,Female
2619,139.93,62.31,Female
2620,142.22,59.65,Female
2621,155.18,62.14,Female
2622,150.57,57.14,Female
2623,181.84,67.72,Male
2624,177.8,34.73,Male
2625,179.76,85.41,Male
2626,162.52,46.48,Female
2627,147.06,62.49,Female
2628,153.71,59.21,Female
2629,142.06,71.74,Female
2630,164.13,72.56,Male
2631,172.51,71.38,Male
2632,167.41,107.0,Male
2633,153.12,62.23,Female
2634,152.8,57.87,Female
2635,155.33,53.79,Female
2636,166.81,83.14,Female
2637,135.77,48.99,Female
2638,146.04,53.72,Female
2639,153.93,56.54,Female
2640,151.92,81.95,Female
2641,172.14,63.91,Male
2642,173.58,89.19,Male
2643,169.6,97.5,Male
2644,191.48,62.19,Male
2645,155.85,100.92,Male
2646,168.54,90.72,Male
2647,177.16,99.55,Male
2648,170.22,78.24,Male
2649,160.22,52.09,Female
2650,158.59,72.73,Female
2651,142.59,60.14,Female
2652,171.45,73.64,Male
2653,180.55,92.92,Male
2654,150.42,62.66,Female
2655,158.32,75.66,Female
2656,189.43,59.06,Female
2657,181.79,35.47,Male
2658,183.81,60.28,Male
2659,163.14,91.7,Male
2660,160.41,77.99,Male
2661,188.1,61.91,Male
2662,156.22,74.67,Male
2663,178.34,78.26,Male
2664,140.84,45.2,Female
2665,155.48,69.44,Female
2666,169.83,76.46,Male
2667,147.17,50.37,Male
2668,170.55,72.24,Male
2669,179.66,81.02,Male
2670,128.6,38.92,Female
2671,130.31,79.14,Female
2672,155.32,64.58,Female
2673,146.73,71.18,Female
2674,150.32,58.45,Female
2675,167.75,96.0,Male
2676,164.15,71.03,Male
2677,178.52,63.13,Male
2678,181.41,88.05,Male
2679,183.07,44.58,Male
2680,149.2,57.44,Female
2681,169.48,48.83,Female
2682,147.86,63.9,Female
2683,160.28,73.09,Female
2684,152.67,67.7,Female
2685,134.26,78.99,Female
2686,162.76,62.14,Male
2687,138.77,68.58,Female
2688,143.48,61.89,Female
2689,154.93,69.95,Female
2690,169.68,59.65,Female
2691,169.09,64.55,Male
2692,185.68,78.25,Male
2693,180.83,88.58,Male
2694,164.64,51.21,Female
2695,159.12,49.09,Female
2696,169.21,70.76,Male
2697,174.04,77.23,Male
2698,186.64,92.33,Male
2699,171.64,98.86,Male
2700,177.3,83.42,Male
2701,178.63,72.33,Male
2702,159.88,67.46,Female
2703,145.71,71.34,Female
2704,152.7,71.47,Female
2705,142.08,66.39,Female
2706,166.21,94.03,Male
2707,162.12,57.05,Male
2709,177.4,74.85,Male
2711,152.34,89.31,Male
2712,168.42,71.03,Male
2713,157.24,50.57,Male
2714,150.31,58.02,Female
2715,158.86,70.53,Female
2716,152.18,56.75,Female
2717,159.76,50.14,Female
2718,168.3,75.95,Female
2719,184.73,80.21,Male
2720,172.27,62.98,Male
2721,156.96,45.51,Male
2722,135.42,64.25,Female
2723,148.56,61.13,Female
2724,170.69,76.09,Male
2725,176.34,83.36,Male
2726,166.67,52.95,Male
2727,149.18,44.33,Female
2728,120.8,68.32,Female
2729,143.22,54.04,Female
2730,165.45,71.84,Male
2731,177.52,85.98,Male
2732,158.46,65.47,Male
2733,178.61,70.55,Male
2734,161.48,58.29,Female
2735,161.8,51.32,Female
2736,141.98,71.51,Female
2737,175.43,86.07,Male
2738,165.98,85.82,Male
2740,141.02,44.9,Female
2741,159.94,39.74,Female
2742,145.4,65.34,Female
2743,154.1,63.4,Female
2744,146.88,68.74,Female
2745,180.94,67.86,Male
2746,139.91,63.12,Female
2747,151.58,61.55,Female
2748,134.88,58.13,Female
2749,169.7,59.92,Female
2750,143.37,62.85,Female
2751,155.39,58.54,Female
2752,177.03,80.75,Male
2753,158.11,63.5,Male
2754,159.38,71.62,Male
2755,147.17,52.04,Female
2756,150.22,70.06,Female
2757,169.15,74.55,Female
2758,138.73,77.14,Female
2759,149.13,58.33,Female
2760,156.32,71.08,Female
2761,153.59,58.09,Female
2762,148.94,68.53,Female
2763,160.67,80.7,Male
2764,178.09,81.46,Male
2765,166.23,80.89,Male
2766,163.97,87.43,Male
2767,163.3,80.41,Male
2768,161.67,67.7,Female
2769,147.06,86.08,Female
2770,165.19,55.64,Female
2771,167.94,54.95,Male
2772,172.8,72.34,Male
2773,171.44,81.31,Male
2774,170.52,65.59,Male
2775,163.31,82.1,Male
2776,157.34,76.09,Female
2777,166.47,47.69,Male
2778,155.05,80.36,Female
2779,148.41,57.79,Female
2780,158.99,64.42,Female
2781,129.28,43.93,Female
2782,184.01,75.74,Male
2783,171.01,93.85,Male
2784,153.2,57.93,Female
2785,138.14,75.38,Female
2786,145.72,68.72,Female
2787,174.04,65.64,Male
2788,162.42,50.88,Male
2789,176.85,77.62,Male
2790,158.66,57.77,Female
2791,136.16,47.83,Female
2792,147.61,58.13,Female
2793,168.0,72.62,Female
2794,168.77,56.64,Male
2795,178.42,80.35,Male
2796,183.5,46.86,Male
2797,171.97,92.32,Male
2798,161.67,102.05,Male
2799,159.58,78.43,Male
2800,141.11,64.45,Female
2801,172.58,74.29,Female
2802,154.74,63.43,Female
2803,171.75,71.82,Male
2804,169.54,81.55,Male
2805,176.37,58.79,Male
2806,175.22,81.25,Male
2807,173.18,95.35,Male
2808,178.01,68.02,Male
2809,168.74,100.77,Male
2810,140.69,71.73,Female
2811,176.53,87.85,Male
2812,164.33,103.08,Male
2813,165.11,44.91,Female
2814,151.49,49.55,Female
2815,163.31,56.25,Female
2816,178.5,28.41,Male
2817,154.56,72.63,Male
2818,174.48,72.16,Male
2819,177.39,51.77,Male
2820,157.57,92.53,Male
2821,162.46,50.34,Male
2822,170.21,52.61,Male
2823,149.08,53.05,Female
2824,149.01,40.94,Female
2825,176.04,77.27,Female
2826,157.11,58.97,Male
2827,163.87,70.39,Male
2828,160.44,64.33,Female
2829,145.59,50.32,Female
2830,148.01,75.94,Female
2831,159.46,56.97,Female
2832,171.89,63.45,Male
2833,171.54,63.22,Male
2834,173.39,77.24,Male
2835,165.6,93.66,Male
2836,195.06,61.39,Male
2837,148.6,37.07,Female
2838,136.76,75.62,Female
2839,148.44,70.39,Female
2840,140.3,54.89,Female
2841,169.39,72.37,Male
2842,176.7,107.82,Male
2843,165.05,83.54,Male
2844,138.93,32.98,Female
2845,149.64,52.76,Female
2846,151.87,73.36,Female
2847,164.88,71.56,Male
2848,180.65,86.62,Male
2849,167.57,55.88,Male
2850,149.48,60.8,Female
2852,157.19,50.16,Female
2853,176.33,97.89,Male
2854,161.04,57.94,Female
2855,176.12,62.9,Female
2856,140.66,66.32,Female
2857,166.56,62.92,Male
2858,183.13,58.46,Male
2859,186.27,50.47,Male
2860,162.21,78.54,Male
2861,157.41,59.09,Female
2862,138.12,67.53,Female
2863,138.66,59.44,Female
2864,146.85,68.51,Female
2865,170.75,59.0,Male
2866,152.72,50.52,Female
2867,149.08,72.03,Female
2868,138.42,66.55,Female
2869,170.79,52.4,Male
2870,151.23,78.01,Female
2871,146.43,53.91,Female
2872,145.31,66.65,Female
2873,153.97,51.43,Female
2874,164.4,67.4,Male
2875,167.83,96.66,Male
2876,183.48,69.07,Male
2877,176.9,73.09,Male
2878,165.64,63.64,Female
2879,149.6,66.08,Female
2880,139.14,72.94,Female
2881,168.1,95.12,Male
2882,156.65,39.17,Female
2883,174.23,73.35,Male
2885,137.78,72.84,Female
2886,179.06,56.53,Male
2887,147.78,76.09,Female
2888,139.36,59.91,Female
2889,155.53,60.62,Female
2890,160.88,92.97,Male
2891,173.32,78.69,Male
2892,174.43,83.66,Male
2893,169.48,101.87,Male
2894,173.62,45.0,Male
2895,164.68,86.33,Male
2896,127.08,71.84,Female
2897,164.4,54.55,Male
2898,181.75,78.77,Male
2899,165.99,52.71,Male
2900,176.72,87.76,Male
2901,171.92,55.78,Male
2902,162.48,53.7,Female
2903,175.74,45.02,Male
2904,186.68,74.89,Male
2905,175.23,96.23,Male
2906,167.06,65.77,Male
2907,174.16,71.42,Male
2908,155.45,88.55,Male
2909,155.0,66.4,Female
2910,166.02,57.23,Female
2911,147.83,90.71,Female
2912,184.12,81.94,Male
2913,180.95,75.16,Male
2914,173.63,83.76,Male
2915,159.42,73.89,Female
2916,135.96,80.92,Female
2917,149.68,84.6,Female
2918,147.62,46.63,Female
2919,152.88,67.69,Female
2920,192.61,92.0,Male
2921,157.76,68.59,Male
2922,161.33,77.88,Male
2923,167.62,75.33,Male
2924,170.1,83.31,Male
2925,180.15,86.09,Male
2926,151.96,83.89,Female
2927,131.39,68.11,Female
2928,178.03,50.07,Male
2929,177.78,38.12,Male
2930,174.7,77.0,Male
2931,139.64,78.61,Female
2932,161.43,77.58,Female
2933,154.97,50.69,Female
2934,148.75,51.79,Female
2935,170.95,100.73,Male
2936,188.43,71.09,Male
2937,139.32,68.79,Female
2938,140.22,64.73,Female
2939,139.23,33.14,Female
2940,155.12,60.5,Female
2941,120.81,73.17,Female
2942,172.0,50.71,Male
2943,152.9,68.13,Female
2944,143.14,65.42,Female
2945,171.71,37.68,Female
2946,189.09,71.61,Male
2947,151.1,54.43,Female
2948,157.61,51.74,Female
2949,150.53,66.24,Female
2950,177.49,61.9,Male
2951,147.88,62.07,Female
2952,169.12,57.51,Female
2953,166.14,69.21,Male
2954,154.83,68.02,Female
2955,151.53,77.4,Female
2956,164.73,59.96,Male
2957,166.72,89.69,Male
2958,180.72,58.74,Male
2959,153.22,49.79,Female
2960,152.68,56.76,Female
2961,133.68,62.67,Female
2962,129.44,75.16,Female
2963,163.54,70.92,Female
2964,133.8,48.81,Female
2965,147.69,67.77,Female
2966,168.8,86.93,Male
2967,168.35,70.85,Male
2968,154.36,63.51,Female
2969,138.18,56.58,Female
2970,154.37,53.74,Female
2971,177.44,81.28,Male
2972,173.58,83.58,Male
2973,150.93,50.51,Male
2974,170.98,81.95,Male
2975,137.58,55.34,Female
2976,177.32,86.52,Male
2977,143.46,71.48,Female
2978,164.82,38.68,Female
2979,151.96,48.35,Female
2980,153.71,71.63,Female
2981,167.92,72.89,Male
2982,179.5,82.53,Male
2983,149.41,50.36,Female
2984,171.39,42.26,Female
2985,155.17,60.92,Female
2986,179.27,64.73,Male
2987,180.41,83.92,Male
2988,134.95,76.9,Female
2989,172.46,92.7,Male
2990,168.88,75.05,Male
2991,176.6,49.96,Male
2992,144.82,65.97,Female
2993,162.4,45.28,Female
2994,188.23,85.81,Male
2995,150.83,49.66,Female
2996,157.09,64.34,Female
2997,162.99,45.58,Female
2998,154.76,48.92,Female
2999,185.08,82.74,Male
